name,bundle_id,os,app_url,listed_pub_id,tl_rel_type
10 News WTSP,5658,com-belo-id3072.app,android,,,no_url
10 News WTSP,5658,com.gannett.local.library.news.wtsp,android,https://www.wtsp.com,5658,DIRECT
10 News WTSP,5658,568148832,ios,http://www.wtsp.com/,5658,DIRECT
11Alive,5665,461033172,ios,http://www.11alive.com,5665,DIRECT
11Alive,5665,com.gannett.local.library.news.wxia,android,https://www.11alive.com/,5665,DIRECT
11Alive WX,5664,com.wxia.android.weather,android,http://www.11alive.com/news/local/mobile/iphone.aspx,,no_app_ads_txt
12 News KPNX,5622,com-gannett-local-library-news-kpnx.app,android,,,no_url
12 News KPNX,5622,953992180,ios,http://www.12news.com/,5622,DIRECT
12News Now - KBMT & K-JAC,5677,419611089,ios,http://www.12newsnow.com/,5677,DIRECT
12News Now - KBMT & K-JAC,5677,446226528,ios,http://www.doapps.com,,Unlisted
13 WMAZ,5653,com.gannett.local.library.news.wmaz,android,http://www.13wmaz.com/,5653,DIRECT
13 WMAZ,5653,467460140,ios,http://www.13wmaz.com/,5653,DIRECT
1Weather PSM,6758,com-handmark-expressweather.app,android,,,no_url
1Weather PSM,6758,1044809694,ios,,,no_url
1Weather PSM,6758,com.onelouder.oneweather,android,,,no_url
2ndline_A9,6721,com.enflick.android.tn2ndLine,android,http://www.2ndline.co,,no_app_ads_txt
2ndline_A9,6721,com-enflick-android-tn2ndlini.app,android,,,no_url
2ndline_A9,6721,com.enflick.android.tn2ndLjzn,android,,,no_url
2ndline_A9,6721,com.enflick.android.tn2ndLioa,android,,,no_url
2ndline_A9,6721,com.enflick.android.tn2ndLioc,android,,,no_url
2ndline_A9,6721,com-enflick-android-tn2ndlinw.app,android,,,no_url
2ndline_A9,6721,com.enflick.android.tn2ndLipe,android,,,no_url
2ndline_A9,6721,com-enflick-android-tn2ndlinf.app,android,,,no_url
2ndline_A9,6721,com.enflick.android.tn2ndLiow,android,,,no_url
2ndline_A9,6721,com.enflick.android.tn2ndLjzk,android,,,no_url
2ndline_A9,6721,com-enflick-android-tn2ndlinv.app,android,,,no_url
2ndline_A9,6721,com.enflick.android.tn2ndLinz,android,,,no_url
2ndline_A9,6721,com.enflick.android.tn2ndLipr,android,,,no_url
2ndline_A9,6721,com.enflick.android.tn2ndLiog,android,,,no_url
2ndline_A9,6721,com.enflick.android.tn2ndLipl,android,,,no_url
2ndline_A9,6721,com.enflick.android.tn2ndLioj,android,,,no_url
2ndline_A9,6721,com.enflick.android.tn2ndLjzf,android,,,no_url
2ndline_A9,6721,com.enflick.android.tn2ndLinb,android,,,no_url
2ndline_A9,6721,com.enflick.android.tn2ndLjya,android,,,no_url
2ndline_A9,6721,com-enflick-android-tn2ndlinu.app,android,,,no_url
2ndline_A9,6721,com.enflick.android.tn2ndLint,android,,,no_url
2ndline_A9,6721,com.enflick.android.tn2ndLiuw,android,,,no_url
2ndline_A9,6721,com-enflick-android-tn2ndlinx.app,android,,,no_url
2ndline_A9,6721,com.enflick.android.tn2ndLind,android,,,no_url
2ndline_A9,6721,com-enflick-android-tn2ndling.app,android,,,no_url
2ndline_A9,6721,com-enflick-android-tn2ndlinh.app,android,,,no_url
2ndline_A9,6721,com.enflick.android.tn2ndLioo,android,,,no_url
2ndline_A9,6721,com.enflick.android.tn2ndLiok,android,,,no_url
2ndline_A9,6721,com.enflick.android.tn2ndLipj,android,,,no_url
2ndline_A9,6721,com.enflick.android.tn2ndLina,android,,,no_url
2ndline_A9,6721,com-enflick-android-tn2ndlinl.app,android,,,no_url
2ndline_A9,6721,com.enflick.android.tn2ndLjzj,android,,,no_url
2ndline_A9,6721,com.enflick.android.tn2ndLjzi,android,,,no_url
2ndline_A9,6721,com.enflick.android.tn2ndLioe,android,,,no_url
2ndline_A9,6721,com.enflick.android.tn2ndLioi,android,,,no_url
2ndline_A9,6721,com.enflick.android.tn2ndLipo,android,,,no_url
2ndline_A9,6721,com.enflick.android.tn2ndLiop,android,,,no_url
2ndline_A9,6721,com-enflick-android-tn2ndlink.app,android,,,no_url
2ndline_A9,6721,com.enflick.android.tn2ndLjzo,android,,,no_url
2ndline_A9,6721,com.enflick.android.tn2ndLiof,android,,,no_url
2ndline_A9,6721,com-enflick-android-tn2ndlinm.app,android,,,no_url
2ndline_A9,6721,com-enflick-android-tn2ndlins.app,android,,,no_url
2ndline_A9,6721,com.enflick.android.tn2ndLioy,android,,,no_url
2ndline_A9,6721,com.enflick.android.tn2ndLipp,android,,,no_url
2ndline_A9,6721,com.enflick.android.tn2ndLiny,android,,,no_url
2ndline_A9,6721,com-enflick-android-tn2ndlinq.app,android,,,no_url
2ndline_A9,6721,com.enflick.android.tn2ndLipg,android,,,no_url
2ndline_A9,6721,com.enflick.android.tn2ndLjzg,android,,,no_url
2ndline_A9,6721,com.enflick.android.tn2ndLioq,android,,,no_url
2ndline_A9,6721,com.enflick.android.tn2ndLinr,android,,,no_url
2ndline_A9,6721,com-enflick-android-tn2ndlinj.app,android,,,no_url
2ndline_A9,6721,com-enflick-android-tn2ndlinp.app,android,,,no_url
2ndline_A9,6721,com.enflick.android.tn2ndLiol,android,,,no_url
2ndline_A9,6721,com.enflick.android.tn2ndLinn,android,,,no_url
2ndline_A9,6721,com.enflick.android.tn2ndLiqd,android,,,no_url
2ndline_A9,6721,com.enflick.android.tn2ndLjzm,android,,,no_url
2ndline_A9,6721,com.enflick.android.tn2ndLipf,android,,,no_url
2ndline_A9,6721,com-enflick-android-tn2ndlino.app,android,,,no_url
2ndline_A9,6721,com.enflick.android.tn2ndLior,android,,,no_url
2ndline_A9,6721,com-enflick-android-tn2ndlinc.app,android,,,no_url
2ndline_A9,6721,com.enflick.android.tn2ndLion,android,,,no_url
2ndline_A9,6721,com.enflick.android.tn2ndLioz,android,,,no_url
365 Scores,5922,com.scores365,android,http://www.365scores.com,,no_app_ads_txt
365 Scores,5922,571801488,ios,http://www.365scores.com,,no_app_ads_txt
7 Minute Workout,6267,net.workoutinc.seven_7_minutes_workouts_challenge,android,https://www.workoutinc.net/,,no_app_ads_txt
9Gag,4870,com-9gag-ios-mobile.app,android,,,no_url
9Gag,4870,545551605,ios,https://9gag.com,4870,DIRECT
9Gag,4870,com-ninegag-android-app.app,android,,,no_url
9Gag,4870,com.ninegag.android.car,android,http://9gag.com,4870,DIRECT
9NEWS,5626,568147279,ios,http://www.9news.com/,5626,DIRECT
9NEWS,5626,com.gannett.local.library.news.kusa,android,http://www.9news.com/,5626,DIRECT
9NEWS WX,5632,com-kusa-android-weather.app,android,,,no_url
ABC10,5631,com-gannett-local-library-news-kxtv.app,android,,,no_url
ABC10,5631,469397853,ios,https://www.abc10.com,5631,DIRECT
AL,4990,549484884,ios,http://www.al.com/mobile-device/,,no_app_ads_txt
AL,4990,419876008,ios,http://www.al.com/mobile-device/,,no_app_ads_txt
AL,4990,548295291,ios,http://www.al.com/mobile-device/,,no_app_ads_txt
Ab Workouts,6269,860332805,ios,,,no_url
Accuweather App,6873,300048137,ios,http://www.accuweather.com,,no_app_ads_txt
Accuweather App,6873,com.accuweather.amazon.android,android,,,no_url
Accuweather App,6873,com-accuweather-android.app,android,,,no_url
Associated Press,1218,mnn-android.app,android,,,no_url
Associated Press,1218,364677107,ios,https://apnews.com/,,no_app_ads_txt
Bacon Reader PSM,6757,com.example.kunal.newsapp,android,,,no_url
Bacon Reader PSM,6757,com.onelouder.baconreades,android,,,no_url
Bacon Reader PSM,6757,725730936,ios,https://baconreader.com/,,no_app_ads_txt
Bacon Reader PSM,6757,com-onelouder-baconreader.app,android,,,no_url
Bloomberg,1066,281941097,ios,http://www.bloomberg.com,,no_app_ads_txt
Bloomberg,1066,com.bloomberg.android.plus,android,http://bloomberg.com,,no_app_ads_txt
Break,2416,com-breakapps-breakdotcom.app,android,,,no_url
Butt Workouts,6270,net.workoutinc.butt_exercises_workouts,android,https://www.workoutinc.net/,,no_app_ads_txt
Butt Workouts,6270,869170275,ios,,,no_url
CBS - EBDA,4915,530168168,ios,http://www.cbs.com/mobile,,no_app_ads_txt
CBS - EBDA,4915,com.cbs.app,android,http://www.cbs.com,,no_app_ads_txt
CBS - EBDA,4915,com.cbs.ott,android,http://www.cbs.com,,no_app_ads_txt
CBS News - EBDA,4917,334256223,ios,http://www.cbsnews.com/,,no_app_ads_txt
CBS News - EBDA,4917,com.treemolabs.apps.cbsnews,android,http://www.cbsnews.com/,,no_app_ads_txt
CBS Sports - EBDA,4918,com.handmark.sportcaster,android,http://www.cbssports.com,,no_app_ads_txt
CBS Sports - EBDA,4918,com-handmark-sportcaster-samsung.app,android,,,no_url
CBS Sports - EBDA,4918,307184892,ios,http://www.cbssports.com/mobile,,no_app_ads_txt
CBS Sports - EBDA,4918,com.handmark.sportcaster.amazon,android,,,no_url
CNET - EBDA,4920,383989837,ios,http://www.cnet.com/apps/,,no_app_ads_txt
CNET - EBDA,4920,com-treemolabs-apps-cnet.app,android,,,no_url
CNET - EBDA,4920,com.cbsinteractive.cnet,android,http://www.cnet.com,,no_app_ads_txt
Call App Android,6705,com-callapp-contacts.app,android,,,no_url
Carousell,6329,com-thecarousell-carousell.app,android,,,no_url
Coco CDL,5989,com.coco.cdl,android,,,no_url
Coco DMV Permit Practice,5988,com.coco.dmv,android,,,no_url
Coco GED,5987,com.coco.ged,android,,,no_url
Daily Mail,376,uk.co.anmedia,android,,,no_url
Daily Mail,376,com.dailymail.online,android,http://www.mailonline.co.uk,376,DIRECT
Daily Mail,376,384101264,ios,http://www.mailonline.co.uk,376,DIRECT
Daily Mail,376,com.and.mailonline,android,,,no_url
Dictionary.com,2868,com-reference-dictionary-dictionary.app,android,,,no_url
Dictionary.com,2868,308750436,ios,http://www.dictionary.com/apps,,no_app_ads_txt
Dictionary.com,2868,com.dictionary,android,http://www.dictionary.com,2868,DIRECT
ESi Media,2997,542140360,ios,,,no_url
ESi Media,2997,nan,android,,,no_url
ET Online - EBDA,4924,307544289,ios,http://www.etonline.com/etmobile/,,no_app_ads_txt
Famous Birthdays,3899,com.famousbirthdays,android,https://www.famousbirthdays.com/contact,,no_app_ads_txt
Famous Birthdays,3899,646707938,ios,http://www.famousbirthdays.com/,,no_app_ads_txt
Fantasy Sports - EBDA,5061,com.cbs.sports.fantasy,android,http://www.cbssports.com,,no_app_ads_txt
Fantasy Sports - EBDA,5061,658308834,ios,http://www.cbssports.com/mobile,,no_app_ads_txt
Fichajes,5751,net.fichajes.mobile,android,http://www.fichajes.com,,no_app_ads_txt
Fichajes,5751,566521169,ios,http://www.fichajes.com,,no_app_ads_txt
First Coast News,5657,469738478,ios,http://www.firstcoastnews.com/,5657,DIRECT
First Coast News,5657,com.gannett.local.library.news.wtlv,android,http://www.gannett.com,,no_app_ads_txt
Flipboard,3666,flipboard-boxer-internal.app,android,,,no_url
Flipboard,3666,flipboard-apq.app,android,,,no_url
Flipboard,3666,nan,android,,,no_url
Flipboard,3666,flipboard-app.app,android,,,no_url
Flipboard,3666,flipboard-boxer-debug.app,android,,,no_url
Flipboard,3666,flipboard-internal.app,android,,,no_url
Flipboard,3666,com.flipboard.flipboard-ipad,android,,,no_url
Flipboard,3666,flipboard.boxer.app,android,http://www.flipboard.com,,no_app_ads_txt
Flipboard,3666,flipboard-app-debug.app,android,,,no_url
Flipboard,3666,358801284,ios,http://about.flipboard.com,,no_app_ads_txt
Flipboard,3666,com.flipboard.flipboard-ipad-beta-push,android,,,no_url
Footmercato,5725,net.footmercato.mobile,android,http://www.footmercato.net,,Unlisted
Footmercato,5725,537919329,ios,http://www.footmercato.net/,,Unlisted
Fussball Transfers,5740,net.fussballtransfers.mobile,android,http://www.fussballtransfers.com,,no_app_ads_txt
Fussball Transfers,5740,587802106,ios,,,no_url
Fussball Transfers,5740,nan,android,,,no_url
Gala,5840,524329849,ios,,,no_url
Gala,5840,com-prismamedia-gala-fr.app,android,,,no_url
GasBuddy Organization Inc.,3690,com.gasbuddybeta.buddybuild,android,,,no_url
GasBuddy Organization Inc.,3690,gbis-gbandroid.app,android,,,no_url
GasBuddy Organization Inc.,3690,gbis-gbandroid-alpha.app,android,,,no_url
GasBuddy Organization Inc.,3690,406719683,ios,http://www.gasbuddy.com/GasBuddyMobileApps.aspx,,no_app_ads_txt
Girly Wallpapers & Backgrounds,6346,1108375300,ios,,,no_url
Girly Wallpapers & Backgrounds,6346,com.ticktockapps.android_girlywallpapers,android,http://www.ticktockapps.com,,no_app_ads_txt
Give Me Sport,2105,1271388300,ios,,,no_url
Golfweek,4421,699728318,ios,http://golfweek.com/,,no_app_ads_txt
Gumtree AU,4596,com-ebay-gumtree-au.app,android,,,no_url
Hearst Television,5065,com.hearst.android.wpbf,android,,,no_url
Hearst Television,5065,com.hearst.android.wptz,android,,,no_url
Hearst Television,5065,505514957,ios,http://www.wisn.com/connect,,no_app_ads_txt
Hearst Television,5065,com.hearst.android.wgal,android,,,no_url
Hearst Television,5065,504646663,ios,http://www.wmur.com/connect,,no_app_ads_txt
Hearst Television,5065,506053781,ios,http://www.wtae.com/contact,,no_app_ads_txt
Hearst Television,5065,505500141,ios,,,no_url
Hearst Television,5065,com.hearst.android.wlwt,android,,,no_url
Hearst Television,5065,com.hearst.android.wxii,android,,,no_url
Hearst Television,5065,com.hearst.android.wlky,android,,,no_url
Hearst Television,5065,com.google.android.apps.magazines,android,https://news.google.com/about,,no_app_ads_txt
Hearst Television,5065,506060763,ios,http://www.wdsu.com/connect,,no_app_ads_txt
Hearst Television,5065,506071794,ios,http://www.wesh.com/connect,,no_app_ads_txt
Hearst Television,5065,com.hearst.android.kcci,android,,,no_url
Hearst Television,5065,com.hearst.android.wmtw,android,,,no_url
Hearst Television,5065,com.hearst.android.ketv,android,,,no_url
Hearst Television,5065,com.hearst.android.wesh,android,,,no_url
Hearst Television,5065,com.hearst.android.wtae,android,,,no_url
Hearst Television,5065,505978863,ios,http://www.4029tv.com/connect,,no_app_ads_txt
Hearst Television,5065,com.hearst.android.wmur,android,,,no_url
Hearst Television,5065,com.newssynergy.wjclnews,android,http://www.wjcl.com/,,Unlisted
Hearst Television,5065,com.hearst.android.koco,android,,,no_url
Hearst Television,5065,505215818,ios,http://www.kcci.com/connect,,no_app_ads_txt
Hearst Television,5065,505244949,ios,http://www.wapt.com/connect,,no_app_ads_txt
Hearst Television,5065,505581274,ios,http://www.kcra.com/connect,,no_app_ads_txt
Hearst Television,5065,com.hearst.android.koat,android,,,no_url
Hearst Television,5065,com.hearst.android.wbal,android,,,no_url
Hearst Television,5065,505246892,ios,http://www.koat.com/connect,,no_app_ads_txt
Hearst Television,5065,505554182,ios,http://www.wmtw.com/connect,,no_app_ads_txt
Hearst Television,5065,com.hearst.android.wyff,android,,,no_url
Hearst Television,5065,501410335,ios,http://www.wcvb.com/connect,,no_app_ads_txt
Hearst Television,5065,com.hearst.android.wisn,android,,,no_url
Hearst Television,5065,505175161,ios,http://www.wbaltv.com/connect,,no_app_ads_txt
Hearst Television,5065,com.hearst.android.ksbw,android,,,no_url
Hearst Television,5065,com.hearst.android.wapt,android,,,no_url
Hearst Television,5065,505486083,ios,http://www.wptz.com/connect,,no_app_ads_txt
Hearst Television,5065,com.hearst.android.wcvb,android,http://www.wcvb.com/,,Unlisted
Hearst Television,5065,505982816,ios,http://www.wlky.com/connect,,no_app_ads_txt
Hearst Television,5065,com.hearst.android.wvtm,android,,,no_url
Hearst Television,5065,505577798,ios,http://www.wpbf.com/connect,,no_app_ads_txt
Hearst Television,5065,com.hearst.android.Four029TV,android,,,no_url
Hearst Television,5065,505254249,ios,http://www.ketv.com/connect,,no_app_ads_txt
Hearst Television,5065,com.hearst.android.kcra,android,,,no_url
Hearst Television,5065,505569365,ios,http://www.wxii12.com/connect,,no_app_ads_txt
Hearst Television,5065,506139759,ios,http://www.ksbw.com/connect,,no_app_ads_txt
Hearst Television,5065,505507641,ios,http://www.wyff4.com/connect,,no_app_ads_txt
Hearst Television,5065,505481301,ios,http://www.wlwt.com/connect,,no_app_ads_txt
Hearst Television,5065,com.hearst.android.wdsu,android,,,no_url
Hearst Television,5065,505232685,ios,http://www.koco.com/connect,,no_app_ads_txt
High Intensity HIIT Workouts,6347,891535485,ios,,,no_url
IM League,6745,com.imleagues.ios.host.nd,android,,,no_url
IM League,6745,1402949583,ios,,,no_url
IM League,6745,1408348876,ios,,,no_url
IM League,6745,com.imleagues,android,https://www.imleagues.com,,no_app_ads_txt
IM League,6745,com-imleagues-android-ncsu.app,android,,,no_url
IM League,6745,com.imleagues.android.cui,android,http://www.IMLeagues.com,,no_app_ads_txt
IM League,6745,edu.ncsu.imleagues.wellrec,android,,,no_url
IM League,6745,1259009536,ios,,,no_url
KAGS News - College Station,5673,com-belo-id3197.app,android,,,no_url
KARE 11,5604,com-belo-id3057.app,android,,,no_url
KARE 11,5604,568147907,ios,http://www.kare11.com/,5604,DIRECT
KARE 11,5604,com.gannett.local.library.news.kare,android,http://www.kare11.com/,5604,DIRECT
KCEN 6,5680,com.mobdub.channel.KCEN,android,http://mobdub.com,,no_app_ads_txt
KCEN 6,5680,419606501,ios,http://www.kcentv.com/,5680,DIRECT
KENS 5,5610,com.doapps.android.mln.MLN_dba9d977d835f194cef46def062fb44d,android,http://www.doapps.com,,Unlisted
KENS 5,5610,408263139,ios,http://www.kens5.com/,5610,DIRECT
KGW News,5612,com.doapps.android.mln.MLN_8c5165635f296ffa679ce03e5d00682a,android,http://www.doapps.com,,Unlisted
KGW News,5612,404245042,ios,http://www.kgw.com/,5612,DIRECT
KGW News,5612,439056028,ios,http://www.kgw.com/trafffic,,no_app_ads_txt
KHOU 11,5607,449671874,ios,http://www.doapps.com,,Unlisted
KHOU 11,5607,408260229,ios,http://www.khou.com/local,,no_app_ads_txt
KHOU 11,5607,com-doapps-android-mln-mln-61930f86521c97f776f54356358d2dc2.app,android,,,no_url
KHOU 11,5607,com-khou-android-weather.app,android,,,no_url
KIDY FOX San Angelo,5679,com.tegna.id3258,android,http://www.tegna.com,,no_app_ads_txt
KIII-TV 3News,5674,470527324,ios,http://www.kiiitv.com/,5674,DIRECT
KIII-TV 3News,5674,com-mobdub-channel-kiii.app,android,,,no_url
KING 5,5618,408263192,ios,http://www.king5.com/,5618,DIRECT
KING 5,5618,com.doapps.android.mln.MLN_c0fddd289b98a85ca53e9a912581ad71,android,http://www.doapps.com,,Unlisted
KREM 2 News,5615,409474974,ios,http://www.krem.com,5615,DIRECT
KREM 2 News,5615,com.doapps.android.mln.MLN_a72e630ce5853b2999df15430211b144,android,http://www.doapps.com,,Unlisted
KSDK 5,5616,568136681,ios,http://www.ksdk.com/,5616,DIRECT
KSDK 5,5616,com-belo-id3059.app,android,,,no_url
KSDK 5,5616,com.gannett.local.library.news.ksdk,android,http://www.ksdk.com/,5616,DIRECT
KTHV Little Rock,6191,com.kthv.android.weather,android,http://www.todaysthv.com/company/contact/default.aspx,,no_app_ads_txt
KTHV Little Rock,6191,396659191,ios,,,no_url
KTVB,5624,401142659,ios,http://www.ktvb.com/,5624,DIRECT
KTVB,5624,com.doapps.android.mln.MLN_dcef0f44a0df1e66efd449f37cf9fe01,android,http://www.doapps.com,,Unlisted
KUSA Denver,6193,com-kusa-android-weather.app,android,,,no_url
KUSA Denver,6193,376413715,ios,,,no_url
KUSA Denver,6193,com-belo-id3061.app,android,,,no_url
KVUE NEWS,5628,408263295,ios,http://www.kvue.com/local/,,no_app_ads_txt
KVUE NEWS,5628,502879578,ios,,,no_url
KVUE NEWS,5628,com-doapps-android-mln-mln-fe2e3fed98c6cc5a521f2d6764a1046e.app,android,,,no_url
KWES,6776,com-mobdub-channel-kwes.app,android,,,no_url
KWES,6776,1453204125,ios,https://www.newswest9.com,6776,DIRECT
KXTV Sacramento,6192,com.kxtv.android.weather,android,http://www.news10.net/company/contact/default.aspx ,,no_app_ads_txt
KXTV Sacramento,6192,376390360,ios,,,no_url
KYTX,5676,384290576,ios,http://www.cbs19.tv/,5676,DIRECT
KYTX,5676,380134475,ios,,,no_url
KYTX,5676,com-mobdub-channel-kytx.app,android,,,no_url
Last.fm - EBDA,4929,fm-last-android.app,android,,,no_url
MLB App,5582,com.bamnetworks.mobile.android.gameday.atbat,android,http://www.mlb.com,,no_app_ads_txt
MLB App,5582,493619333,ios,http://m.mlb.com/apps/atbat,,no_app_ads_txt
MMA Junkie,813,876544448,ios,,,no_url
MMA Junkie,813,nan,android,,,no_url
MMA Junkie,813,com.uts.mmaj,android,http://mmajunkie.com,,no_app_ads_txt
Madvertise,4262,nan,android,,,no_url
Manga Master,6481,ai.medialab.manga,android,,,no_url
Manga Master,6481,ai.medialab.mangamaster,android,http://www.media-lab.ai,4342,DIRECT
Marmiton,5686,318796083,ios,http://www.marmiton.org,5686,DIRECT
Marmiton,5686,com-aufeminin-marmiton-activities.app,android,,,no_url
Marmiton,5686,nan,android,,,no_url
MaxPreps - EBDA,4930,980665604,ios,,,no_url
MaxPreps - EBDA,4930,com.maxpreps.mpscoreboard,android,http://www.maxpreps.com,,no_app_ads_txt
MaxPreps - EBDA,4930,com-maxpreps-mpscoreboard-debug.app,android,,,no_url
Meet Me,3471,com-myyearbook-n.app,android,,,no_url
Meet Me,3471,com.myyearbook.s,android,,,no_url
Meet Me,3471,com-myyearbook-q.app,android,,,no_url
Meet Me,3471,com.myyearbook.r,android,,,no_url
Meet Me,3471,372648912,ios,http://www.meetme.com/,,no_app_ads_txt
Meet Me,3471,com.myyearbook.p,android,,,no_url
Meet Me,3471,com.myyearbook.u,android,,,no_url
Meet Me,3471,com-myyearbook-myyearbook.app,android,,,no_url
Meet Me,3471,com.myyearbook.o,android,,,no_url
Meet Me,3471,com.myyearbook.m,android,http://www.meetme.com/,,no_app_ads_txt
Meet Me,3471,com-meetme-iphoneenterprise.app,android,,,no_url
Meet Me,3471,com.myyearbook.t,android,,,no_url
Merriam-Webster,2737,com-m-w-dictionary.app,android,,,no_url
Merriam-Webster,2737,com-merriamwebster-premium.app,android,,,no_url
Merriam-Webster,2737,399452287,ios,http://www.merriam-webster.com,2737,DIRECT
Merriam-Webster,2737,com.merriamwebster,android,http://www.merriam-webster.com,2737,DIRECT
Merriam-Webster,2737,com-merriamwebstes.app,android,,,no_url
MixerBox,6804,mb32u-music-player-free-download.app,android,,,no_url
My Fitness Pal,2538,341232718,ios,http://www.myfitnesspal.com/,,no_app_ads_txt
My Fitness Pal,2538,com.myfitnesspal.android,android,http://www.myfitnesspal.com,,no_app_ads_txt
My Plate App,6282,502317923,ios,http://www.livestrong.com/mobile-apps/,,no_app_ads_txt
NJ,4989,419202474,ios,http://www.nj.com,,no_app_ads_txt
New Pub Test,69,com.tl.dfptest,android,,,no_url
New York Post,2827,com-pagesix-android.app,android,,,no_url
New York Post,2827,br-com-golmobile-nypost-dev.app,android,,,no_url
New York Post,2827,br-com-golmobile-nypost-stg.app,android,,,no_url
New York Post,2827,com.jfuchs.nypost.iphone,android,,,no_url
New York Post,2827,br.com.golmobile.nypost,android,http://www.nypost.com/,,no_app_ads_txt
New York Post,2827,com-nypost-iphone.app,android,,,no_url
New York Post,2827,com-nypost-iphone-enterprise.app,android,,,no_url
New York Post,2827,nan,android,,,no_url
New York Post,2827,410094240,ios,http://www.nypost.com,,no_app_ads_txt
News 19 WX,5660,com.wltx.android.weather,android,http://www.wltx.com/company/contact/,,no_app_ads_txt
News Day,4043,358571317,ios,https://newsday.com/,,no_app_ads_txt
News Day,4043,1110297965,ios,,,no_url
News Day,4043,com-pagesuite-newsday.app,android,,,no_url
News UK,3769,uk-co-thesun-mobile.app,android,,,no_url
News10 WX,5625,com.kxtv.android.weather,android,http://www.news10.net/company/contact/default.aspx ,,no_app_ads_txt
Newscenter Maine,5636,469737138,ios,http://www.newscentermaine.com/,5636,DIRECT
Newscenter Maine,5636,com.gannett.local.library.news.wcsh,android,http://www.wcsh6.com/,5636,DIRECT
Nexstar Media Group,5787,641336500,ios,http://ArkansasMatters.com,,no_app_ads_txt
Nexstar Media Group,5787,540732783,ios,http://www.wbtw.com,,no_app_ads_txt
Nexstar Media Group,5787,com.whtm.android.weather,android,http://www.abc27.com/,,no_app_ads_txt
Nexstar Media Group,5787,425414520,ios,http://wncn.com/,,no_app_ads_txt
Nexstar Media Group,5787,com.newssynergy.rochesterhomepage,android,http://rochesterhomepage.net/,,no_app_ads_txt
Nexstar Media Group,5787,com.linmedia.newstouch.wish,android,http://www.wishtv.com/,,no_app_ads_txt
Nexstar Media Group,5787,com.newssynergy.pahompage,android,http://www.pahomepage.com,,no_app_ads_txt
Nexstar Media Group,5787,com-wjtv-android-weather.app,android,,,no_url
Nexstar Media Group,5787,498027030,ios,http://wjtv.com/,,no_app_ads_txt
Nexstar Media Group,5787,com.newssynergy.wetm,android,http://www.mytwintiers.com,,no_app_ads_txt
Nexstar Media Group,5787,com.doapps.android.mln.MLN_d47268e9db2e9aa3827bba3afb7ff94a,android,http://www.doapps.com,,Unlisted
Nexstar Media Group,5787,com-kxrm-android-weather.app,android,,,no_url
Nexstar Media Group,5787,641350507,ios,http://www.pahomepage.com,,no_app_ads_txt
Nexstar Media Group,5787,com.nexstar.id3548,android,,,no_url
Nexstar Media Group,5787,com.linmedia.newstouch.khon,android,http://www.khon2.com/,,no_app_ads_txt
Nexstar Media Group,5787,com-baron-wowk-wowkstormtracker13.app,android,,,no_url
Nexstar Media Group,5787,tv.nexstar.id3534,android,,,no_url
Nexstar Media Group,5787,com-newssynergy-ktvx.app,android,,,no_url
Nexstar Media Group,5787,com.newssynergy.klrt,android,http://www.fox16.com,,no_app_ads_txt
Nexstar Media Group,5787,564352071,ios,,,no_url
Nexstar Media Group,5787,564357057,ios,,,no_url
Nexstar Media Group,5787,488537620,ios,http://wwlp.com/report-submission/,,no_app_ads_txt
Nexstar Media Group,5787,488539287,ios,http://wpri.com/about-us/contact-us/,,no_app_ads_txt
Nexstar Media Group,5787,365771353,ios,http://wvnstv.com,,no_app_ads_txt
Nexstar Media Group,5787,com.linmedia.newstouch.wkbn,android,http://www.wkbn.com/,,no_app_ads_txt
Nexstar Media Group,5787,com-newssynergy-virginiafirst.app,android,,,no_url
Nexstar Media Group,5787,com-nexstar-id3551.app,android,,,no_url
Nexstar Media Group,5787,com.linmedia.newstouch.wane,android,http://www.wane.com/,,no_app_ads_txt
Nexstar Media Group,5787,com-newssynergy-hogville.app,android,,,no_url
Nexstar Media Group,5787,com.nexstar.id3549,android,,,no_url
Nexstar Media Group,5787,com.newssynergy.tristateonthego,android,http://tristatehomepage.com,,no_app_ads_txt
Nexstar Media Group,5787,497780687,ios,http://www.wsav.com,,no_app_ads_txt
Nexstar Media Group,5787,com.nexstar.id3545,android,,,no_url
Nexstar Media Group,5787,498022792,ios,http://wbtw.com/2015/09/02/contact-directory-for-wbtw/,,no_app_ads_txt
Nexstar Media Group,5787,com.newssynergy.kget,android,http://www.kget.com,,no_app_ads_txt
Nexstar Media Group,5787,511297956,ios,http://wate.com/apps/,,no_app_ads_txt
Nexstar Media Group,5787,com.linmedia.newstouch.wdtn,android,http://www.wdtn.com/,,no_app_ads_txt
Nexstar Media Group,5787,458361133,ios,http://klfy.com/,,no_app_ads_txt
Nexstar Media Group,5787,585373069,ios,http://www.abc4.com,,no_app_ads_txt
Nexstar Media Group,5787,805618191,ios,http://wnct.com/about/contact-us/,,no_app_ads_txt
Nexstar Media Group,5787,388954265,ios,http://wspa.com/,,no_app_ads_txt
Nexstar Media Group,5787,com-baron-wboy-wboystormtracker12.app,android,,,no_url
Nexstar Media Group,5787,com.wsls.android.weather,android,,,no_url
Nexstar Media Group,5787,com-wcbd-android-weather.app,android,,,no_url
Nexstar Media Group,5787,com-wnct-android-weather.app,android,,,no_url
Nexstar Media Group,5787,563884232,ios,http://www.abc27.com/category/217937/smartphone-apps?clienttype=generic,,no_app_ads_txt
Nexstar Media Group,5787,682040454,ios,,,no_url
Nexstar Media Group,5787,com.newssynergy.arkansasmatters,android,http://ArkansasMatters.com,,no_app_ads_txt
Nexstar Media Group,5787,453521345,ios,http://lakana.com,,no_app_ads_txt
Nexstar Media Group,5787,585365724,ios,http://www.mytwintiers.com,,no_app_ads_txt
Nexstar Media Group,5787,com.wish.android.weather,android,http://www.linmedia.com/,,no_app_ads_txt
Nexstar Media Group,5787,823820859,ios,,,no_url
Nexstar Media Group,5787,420981068,ios,http://www.keloland.com,,no_app_ads_txt
Nexstar Media Group,5787,tv.nexstar.id3554new,android,,,no_url
Nexstar Media Group,5787,417457176,ios,http://www.kerngoldenempire.com/home,,no_app_ads_txt
Nexstar Media Group,5787,com.linmedia.newstouch.wavy,android,http://www.wavy.com/,,no_app_ads_txt
Nexstar Media Group,5787,com.doapps.android.mln.MLN_2d2ca7eedf739ef4c3800713ec482e1a,android,http://www.doapps.com,,Unlisted
Nexstar Media Group,5787,tv.nexstar.id3552,android,,,no_url
Nexstar Media Group,5787,641347931,ios,http://mystateline.com,,no_app_ads_txt
Nexstar Media Group,5787,411762914,ios,http://ksn.com/mobile/,,no_app_ads_txt
Nexstar Media Group,5787,tv-nexstar-id3354.app,android,,,no_url
Nexstar Media Group,5787,com.nexstar.id3555,android,,,no_url
Nexstar Media Group,5787,com-wrbl-android-weather.app,android,,,no_url
Nexstar Media Group,5787,404006426,ios,http://www.wvillustrated.com,,no_app_ads_txt
Nexstar Media Group,5787,com.nexstar.id3544,android,,,no_url
Nexstar Media Group,5787,843502645,ios,http://www.weareiowa.com/,,no_app_ads_txt
Nexstar Media Group,5787,585377661,ios,http://www.9wsyr.com/,,no_app_ads_txt
Nexstar Media Group,5787,568526366,ios,http://www.keloland.com/weather/stormtracker/,,no_app_ads_txt
Nexstar Media Group,5787,com-wsav-android-weather.app,android,,,no_url
Nexstar Media Group,5787,com.linmedia.newstouch.ksnw,android,http://www.ksn.com/,,no_app_ads_txt
Nexstar Media Group,5787,com.wmbb.android,android,http://www.MyPanhandle.com,,no_app_ads_txt
Nexstar Media Group,5787,com-nexstar-id3569new.app,android,,,no_url
Nexstar Media Group,5787,com.linmedia.newstouch.krqe,android,http://www.krqe.com/,,no_app_ads_txt
Nexstar Media Group,5787,383181663,ios,,,no_url
Nexstar Media Group,5787,tv-nexstar-id3547.app,android,,,no_url
Nexstar Media Group,5787,643325314,ios,http://www.mychamplainvalley.com,,no_app_ads_txt
Nexstar Media Group,5787,641341150,ios,http://WeAreCentralPA.com,,no_app_ads_txt
Nexstar Media Group,5787,tv-nexstar-id3522.app,android,,,no_url
Nexstar Media Group,5787,tv.nexstar.id3561,android,,,no_url
Nexstar Media Group,5787,560952787,ios,http://www.wkrg.com/,,no_app_ads_txt
Nexstar Media Group,5787,935434517,ios,,,no_url
Nexstar Media Group,5787,com.nexstar.id3559,android,,,no_url
Nexstar Media Group,5787,955148119,ios,,,no_url
Nexstar Media Group,5787,648529642,ios,,,no_url
Nexstar Media Group,5787,com.linmedia.newstouch.wpri,android,http://www.wpri.com/,,no_app_ads_txt
Nexstar Media Group,5787,tv-nexstar-id3570new.app,android,,,no_url
Nexstar Media Group,5787,412964780,ios,http://www.fox16.com/home,,no_app_ads_txt
Nexstar Media Group,5787,com-ksnw-android-baron-weather.app,android,,,no_url
Nexstar Media Group,5787,918668410,ios,http://www.MyPanhandle.com,,no_app_ads_txt
Nexstar Media Group,5787,638924288,ios,http://www.centralillinoisproud.com,,no_app_ads_txt
Nexstar Media Group,5787,935440370,ios,,,no_url
Nexstar Media Group,5787,935417675,ios,http://krqe.com/email/,,no_app_ads_txt
Nexstar Media Group,5787,911514323,ios,http://wytv.com,,no_app_ads_txt
Nexstar Media Group,5787,411759231,ios,http://kansasfirstnews.com/mobile/,,no_app_ads_txt
Nexstar Media Group,5787,com-doapps-android-mln-mln-ae1eaa32d10b6c886981755d579fb4d8.app,android,,,no_url
Nexstar Media Group,5787,com-newssynergy-wsyrweather.app,android,,,no_url
Nexstar Media Group,5787,com.linmedia.newstouch.wivb,android,http://www.wivb.com/,,no_app_ads_txt
Nexstar Media Group,5787,638930553,ios,http://rochesterhomepage.net/,,no_app_ads_txt
Nexstar Media Group,5787,411685184,ios,http://koin.com/mobile/,,no_app_ads_txt
Nexstar Media Group,5787,com-koin2-android-weather.app,android,,,no_url
Nexstar Media Group,5787,683274369,ios,http://www.hogville.net/,,no_app_ads_txt
Nexstar Media Group,5787,570697535,ios,,,no_url
Nexstar Media Group,5787,380703612,ios,http://nbc4i.com/,,no_app_ads_txt
Nexstar Media Group,5787,tv.nexstar.id3547new,android,,,no_url
Nexstar Media Group,5787,472672814,ios,http://kron4.com/,,no_app_ads_txt
Nexstar Media Group,5787,com.wdtn.android.weather,android,http://www.linmedia.com/,,no_app_ads_txt
Nexstar Media Group,5787,488222080,ios,http://wane.com/about-us/contact-us/,,no_app_ads_txt
Nexstar Media Group,5787,com.krqe.android.weather,android,http://www.linmedia.com/,,no_app_ads_txt
Nexstar Media Group,5787,com-newssynergy-abc5woiweather.app,android,,,no_url
Nexstar Media Group,5787,540518235,ios,http://wlns.com/,,no_app_ads_txt
Nexstar Media Group,5787,tv-nexstar-id3542.app,android,,,no_url
Nexstar Media Group,5787,442770406,ios,http://wkrg.com/,,no_app_ads_txt
Nexstar Media Group,5787,488522642,ios,http://wtnh.com/about-us/contact-us/,,no_app_ads_txt
Nexstar Media Group,5787,com.wten.weather,android,http://www.news10.com,,no_app_ads_txt
Nexstar Media Group,5787,com.nexstar.id3543,android,,,no_url
Nexstar Media Group,5787,523213092,ios,http://wkrn.com/contact-us/,,no_app_ads_txt
Nexstar Media Group,5787,tv.nexstar.id3556,android,,,no_url
Nexstar Media Group,5787,com.linmedia.newstouch.koin,android,http://www.koinlocal6.com/,,no_app_ads_txt
Nexstar Media Group,5787,com.linmedia.newstouch.kxan,android,http://www.kxan.com/,,no_app_ads_txt
Nexstar Media Group,5787,546021203,ios,http://wric.com/category/contact-us-2/stay-connected-download-the-8news-apps/,,no_app_ads_txt
Nexstar Media Group,5787,com.doapps.android.mln.MLN_16026d60ff9b54410b3435b403afd226,android,http://www.doapps.com,,Unlisted
Nexstar Media Group,5787,tv-nexstar-id3439.app,android,,,no_url
Nexstar Media Group,5787,com.wcmh.wx,android,http://www.mediageneral.com/,,no_app_ads_txt
Nexstar Media Group,5787,com-newssynergy-myarklamiss.app,android,,,no_url
Nexstar Media Group,5787,439776650,ios,http://www.MyPanhandle.com,,no_app_ads_txt
Nexstar Media Group,5787,488539168,ios,http://kxan.com,,no_app_ads_txt
Nexstar Media Group,5787,567655039,ios,http://www.wfla.com/,,no_app_ads_txt
Nexstar Media Group,5787,636823511,ios,http://wlns.com/terms-and-conditions/,,no_app_ads_txt
Nexstar Media Group,5787,com-newssynergy-mystateline.app,android,,,no_url
Nexstar Media Group,5787,858760039,ios,http://www.wjbf.com/category/281350/wjbf-vipir-app,,no_app_ads_txt
Nexstar Media Group,5787,com.youngmedia.wlns,android,http://www.wlns.com/,,no_app_ads_txt
Nexstar Media Group,5787,488527284,ios,http://woodtv.com/contact-us/,,no_app_ads_txt
Nexstar Media Group,5787,com.baronservices.mobilemet.kelo,android,http://www.keloland.com/weather/stormtracker/,,no_app_ads_txt
Nexstar Media Group,5787,com.nexstar.id3568,android,,,no_url
Nexstar Media Group,5787,399055571,ios,http://wrbl.com/about/contact-us/,,no_app_ads_txt
Nexstar Media Group,5787,com.linmedia.newstouch.ksnt,android,http://www.kansasfirstnews.com/,,no_app_ads_txt
Nexstar Media Group,5787,397295844,ios,http://wjbf.com/,,no_app_ads_txt
Nexstar Media Group,5787,365769123,ios,http://wtrf.com,,no_app_ads_txt
Nexstar Media Group,5787,394896224,ios,http://abc27.com/about-us/contact-us/,,no_app_ads_txt
Nexstar Media Group,5787,419619698,ios,,,no_url
Nexstar Media Group,5787,641339003,ios,http://DOTHANFIRST.COM,,no_app_ads_txt
Nexstar Media Group,5787,com.linmedia.newstouch.wood,android,http://www.woodtv.com/,,no_app_ads_txt
Nexstar Media Group,5787,com-nexstar-id3550.app,android,,,no_url
Nexstar Media Group,5787,tv.nexstar.id3531,android,,,no_url
Nexstar Media Group,5787,389665192,ios,http://wsav.com/,,no_app_ads_txt
Nexstar Media Group,5787,tv.nexstar.id3557,android,,,no_url
Nexstar Media Group,5787,488237027,ios,http://wavy.com/contact-us/,,no_app_ads_txt
Nexstar Media Group,5787,398494424,ios,http://counton2.com/,,no_app_ads_txt
Nexstar Media Group,5787,590895070,ios,,,no_url
Nexstar Media Group,5787,412441075,ios,http://wkbn.com/mobile/,,no_app_ads_txt
Nexstar Media Group,5787,tv-nexstar-id3532.app,android,,,no_url
Nexstar Media Group,5787,935412897,ios,http://www.koin.com,,no_app_ads_txt
Nexstar Media Group,5787,com.linmedia.newstouch.wtnh,android,http://www.wtnh.com/,,no_app_ads_txt
Nexstar Media Group,5787,com.nexstar.id3558,android,,,no_url
Nexstar Media Group,5787,411526747,ios,http://khon2.com/mobile/,,no_app_ads_txt
Nexstar Media Group,5787,tv.nexstar.id3536,android,,,no_url
Nexstar Media Group,5787,585379948,ios,http://www.9wsyr.com/weather,,no_app_ads_txt
Nexstar Media Group,5787,com.wspa.android.weather,android,http://www.wspa.com,,no_app_ads_txt
Nexstar Media Group,5787,411764669,ios,http://cbs42.com/contact-us/,,no_app_ads_txt
Nexstar Media Group,5787,541058174,ios,http://wjhl.com/,,no_app_ads_txt
Nexstar Media Group,5787,389664108,ios,http://wnct.com/,,no_app_ads_txt
Nexstar Media Group,5787,496017327,ios,http://news10.com/contact-us/,,no_app_ads_txt
Nexstar Media Group,5787,com.newssynergy.wsyr,android,http://www.9wsyr.com/,,no_app_ads_txt
Nexstar Media Group,5787,523660712,ios,http://www.fox21news.com,,no_app_ads_txt
Nexstar Media Group,5787,488539385,ios,http://wdtn.com/about-us/contact-us/,,no_app_ads_txt
Nexstar Media Group,5787,com-wjbf-wx.app,android,,,no_url
Nexstar Media Group,5787,com.linmedia.newstouch.wwlp,android,http://www.wwlp.com/,,no_app_ads_txt
Nexstar Media Group,5787,com.nexstar.id3542,android,,,no_url
Nexstar Media Group,5787,tv.nexstar.id3533,android,,,no_url
Nexstar Media Group,5787,com.nexstar.id3567new,android,,,no_url
Nexstar Media Group,5787,com-newssynergy-wearecentralpa.app,android,,,no_url
Nexstar Media Group,5787,tv-nexstar-id3568.app,android,,,no_url
Nexstar Media Group,5787,com.ksnt.android.weather,android,http://www.linmedia.com/,,no_app_ads_txt
Nexstar Media Group,5787,665261821,ios,,,no_url
Nexstar Media Group,5787,438506974,ios,http://wjtv.com/,,no_app_ads_txt
Nexstar Media Group,5787,com.wkrg.android.weather,android,http://www.wkrg.com/,,no_app_ads_txt
Nexstar Media Group,5787,com-baron-wvns-wvnstormtracker59.app,android,,,no_url
Nexstar Media Group,5787,362326061,ios,http://wboy.com,,no_app_ads_txt
Nexstar Media Group,5787,com-newssynergy-wmbbweather.app,android,,,no_url
Nexstar Media Group,5787,tv-nexstar-id3567.app,android,,,no_url
Nexstar Media Group,5787,488276218,ios,http://wivb.com/more/contact-us/,,no_app_ads_txt
Nexstar Media Group,5787,com-wbtw-android-weather.app,android,,,no_url
Nexstar Media Group,5787,497773421,ios,http://counton2.com/,,no_app_ads_txt
Nexstar Media Group,5787,com.nexstar.id3546,android,,,no_url
Nexstar Media Group,5787,com-wate-weather.app,android,,,no_url
Nexstar Media Group,5787,533796437,ios,http://www.wfla.com/weather,,no_app_ads_txt
Nexstar Media Group,5787,935412230,ios,https://www.ksn.com/mobile,,no_app_ads_txt
Nexstar Media Group,5787,365754010,ios,http://www.tristateupdate.com/,,no_app_ads_txt
Nexstar Media Group,5787,935402347,ios,,,no_url
Nexstar Media Group,5787,799808099,ios,http://www.tristatehomepage.com/weather,,no_app_ads_txt
Nexstar Media Group,5787,488524387,ios,http://wishtv.com/more/contact-us/,,no_app_ads_txt
Nexstar Media Group,5787,tv-nexstar-id3554.app,android,,,no_url
Nexstar Media Group,5787,com.wfila.android.weather,android,http://www.wfla.com/weather/,,no_app_ads_txt
Nexstar Media Group,5787,641341846,ios,http://www.tristatehomepage.com,,no_app_ads_txt
Nexstar Media Group,5787,com-nexstar-id3562.app,android,,,no_url
Nexstar Media Group,5787,488525050,ios,http://www.krqe.com/generic/site_tools/mobile,,no_app_ads_txt
Nexstar Media Group,5787,com-linmedia-newstouch-wiat.app,android,,,no_url
Nexstar Media Group,5787,com-newssynergy-dothanfirst.app,android,,,no_url
Nexstar Media Group,5787,com.wjhl.android.weather,android,http://www.wjhl.com,,no_app_ads_txt
Nexstar Media Group,5787,tv-nexstar-id3535.app,android,,,no_url
Nexstar Media Group,5787,com.youngmedia.klfy,android,http://www.klfy.com/,,no_app_ads_txt
Nexstar Media Group,5787,564358552,ios,,,no_url
Perfect365,6698,com-arcsoft-perfect365.app,android,,,no_url
Perfect365,6698,475976577,ios,,,no_url
Philly.com,3074,philly-com-sportsnow.app,android,,,no_url
Philly.com,3074,577251728,ios,,,no_url
Philly.com,3074,com.ap.philly,android,http://www.inquirer.com,,no_app_ads_txt
Philly.com,3074,970040558,ios,,,no_url
Podcast Addict,6480,com-bambuna-podcastaddict.app,android,,,no_url
Rain Rain,6694,com-timgostony-rainrain.app,android,,,no_url
Rain Rain,6694,478687481,ios,http://www.rainrainapp.com,,no_app_ads_txt
